{
  "required": true,
  "package": "net.ccbluex.liquidbounce.injection.forge.mixins",
  "refmap": "liquidbounce.mixins.refmap.json",
  "compatibilityLevel": "JAVA_8",
  "mixins": [
    "block.MixinBlock",
    "block.MixinBlockAnvil",
    "block.MixinBlockLadder",
    "block.MixinBlockLiquid",
    "block.MixinBlockModelRenderer",
    "block.MixinBlockSoulSand",
    "client.MixinMinecraft",
    "client.MixinProfiler",
    "client.MixinResourcePackRepository",
    "entity.MixinAbstractClientPlayer",
    "entity.MixinEntity",
    "entity.MixinEntityLivingBase",
    "entity.MixinEntityPlayer",
    "entity.MixinEntityPlayerSP",
    "entity.MixinPlayerControllerMP",
    "gui.MixinGuiButton",
    "gui.MixinGuiButtonExt",
    "gui.MixinGuiChat",
    "gui.MixinGuiConnecting",
    "gui.MixinGuiDisconnected",
    "gui.MixinGuiDownloadTerrain",
    "gui.MixinGuiEditSign",
    "gui.MixinGuiInGame",
    "gui.MixinGuiIngameMenu",
    "gui.MixinGuiKeyBindingList",
    "gui.MixinGuiMultiplayer",
    "gui.MixinGuiNewChat",
    "gui.MixinGuiScreen",
    "gui.MixinGuiSlot",
    "gui.MixinGuiSpectator",
    "gui.MixinServerSelectionList",
    "item.MixinItemRenderer",
    "item.MixinItemStack",
    "network.MixinNetHandlerLoginClient",
    "network.MixinNetHandlerPlayClient",
    "network.MixinNetworkManager",
    "network.MixinNetworkPlayerInfo",
    "packets.MixinC00Handshake",
    "render.MixinEffectRenderer",
    "render.MixinEntityRenderer",
    "render.MixinFontRenderer",
    "render.MixinLayerHeldItem",
    "render.MixinModelBiped",
    "render.MixinRender",
    "render.MixinRenderEntityItem",
    "render.MixinRendererLivingEntity",
    "render.MixinTileEntityChestRenderer",
    "render.MixinTileEntityItemStackRenderer",
    "render.MixinTileEntityMobSpawnerRenderer",
    "render.MixinTileEntityRendererDispatcher",
    "render.MixinVisGraph",
    "resources.MixinSkinManager",
    "world.MixinChunk",
    "world.MixinWorld",
    "world.MixinWorldClient",
    "client.MixinPacketBuffer"
  ]
}